schema_version,forecast_key,rfc,nws_lid,product_type,source_role,view_group,display_name,source_url,enabled,expected_product_label,display_order
1.0.0,CNRFC:SCSC1:WY_FNF,CNRFC,SCSC1,water_year_fnf,fnf_forecast_watershed,major_basin,Tule,https://www.cnrfc.noaa.gov/ensembleProduct.php?id=SCSC1&prodID=9,TRUE,Water Year Trend Plot (non-WSI),10
1.0.0,CNRFC:TMDC1:WY_FNF,CNRFC,TMDC1,water_year_fnf,fnf_forecast_watershed,major_basin,Kaweah,https://www.cnrfc.noaa.gov/ensembleProduct.php?id=TMDC1&prodID=9,TRUE,Water Year Trend Plot (non-WSI),20
1.0.0,CNRFC:SHDC1:WY_FNF,CNRFC,SHDC1,water_year_fnf,fnf_forecast_watershed,major_basin,Sacramento/McCloud/Pit,https://www.cnrfc.noaa.gov/ensembleProduct.php?id=SHDC1&prodID=9,TRUE,Water Year Trend Plot (non-WSI),30
1.0.0,CNRFC:CEGC1:WY_FNF,CNRFC,CEGC1,water_year_fnf,fnf_forecast_watershed,major_basin,Trinity,https://www.cnrfc.noaa.gov/ensembleProduct.php?id=CEGC1&prodID=9,TRUE,Water Year Trend Plot (non-WSI),40
1.0.0,CNRFC:ORDC1:WY_FNF,CNRFC,ORDC1,water_year_fnf,fnf_forecast_watershed,major_basin,Feather,https://www.cnrfc.noaa.gov/ensembleProduct.php?id=ORDC1&prodID=9,TRUE,Water Year Trend Plot (non-WSI),50
1.0.0,CNRFC:HLEC1:WY_FNF,CNRFC,HLEC1,water_year_fnf,fnf_forecast_watershed,major_basin,Yuba,https://www.cnrfc.noaa.gov/ensembleProduct.php?id=HLEC1&prodID=9,TRUE,Water Year Trend Plot (non-WSI),60
1.0.0,CNRFC:FOLC1:WY_FNF,CNRFC,FOLC1,water_year_fnf,fnf_forecast_watershed,major_basin,American,https://www.cnrfc.noaa.gov/ensembleProduct.php?id=FOLC1&prodID=9,TRUE,Water Year Trend Plot (non-WSI),70
1.0.0,CNRFC:NDPC1:WY_FNF,CNRFC,NDPC1,water_year_fnf,fnf_forecast_watershed,major_basin,Tuolumne,https://www.cnrfc.noaa.gov/ensembleProduct.php?id=NDPC1&prodID=9,TRUE,Water Year Trend Plot (non-WSI),80
1.0.0,CNRFC:EXQC1:WY_FNF,CNRFC,EXQC1,water_year_fnf,fnf_forecast_watershed,major_basin,Merced,https://www.cnrfc.noaa.gov/ensembleProduct.php?id=EXQC1&prodID=9,TRUE,Water Year Trend Plot (non-WSI),90
1.0.0,CNRFC:FRAC1:WY_FNF,CNRFC,FRAC1,water_year_fnf,fnf_forecast_watershed,major_basin,San Joaquin,https://www.cnrfc.noaa.gov/ensembleProduct.php?id=FRAC1&prodID=9,TRUE,Water Year Trend Plot (non-WSI),100
1.0.0,CNRFC:PFTC1:WY_FNF,CNRFC,PFTC1,water_year_fnf,fnf_forecast_watershed,major_basin,Kings,https://www.cnrfc.noaa.gov/ensembleProduct.php?id=PFTC1&prodID=9,TRUE,Water Year Trend Plot (non-WSI),110
1.0.0,CNRFC:ISAC1:WY_FNF,CNRFC,ISAC1,water_year_fnf,fnf_forecast_watershed,major_basin,Kern,https://www.cnrfc.noaa.gov/ensembleProduct.php?id=ISAC1&prodID=9,TRUE,Water Year Trend Plot (non-WSI),120
1.0.0,CNRFC:MHBC1:WY_FNF,CNRFC,MHBC1,water_year_fnf,fnf_forecast_watershed,major_basin,Cosumnes,https://www.cnrfc.noaa.gov/ensembleProduct.php?id=MHBC1&prodID=9,TRUE,Water Year Trend Plot (non-WSI),130
1.0.0,CNRFC:CMPC1:WY_FNF,CNRFC,CMPC1,water_year_fnf,fnf_forecast_watershed,major_basin,Mokelumne,https://www.cnrfc.noaa.gov/ensembleProduct.php?id=CMPC1&prodID=9,TRUE,Water Year Trend Plot (non-WSI),140
1.0.0,CNRFC:NMSC1:WY_FNF,CNRFC,NMSC1,water_year_fnf,fnf_forecast_watershed,major_basin,Stanislaus,https://www.cnrfc.noaa.gov/ensembleProduct.php?id=NMSC1&prodID=9,TRUE,Water Year Trend Plot (non-WSI),150
1.0.0,CNRFC:SACC0:WY_INDEX,CNRFC,SACC0,water_year_index,fnf_index_watershed,index,Sacramento Valley - Water Supply Index,https://www.cnrfc.noaa.gov/ensembleProduct.php?id=SACC0&prodID=9,TRUE,Water Year Trend Plot (WSI),160
1.0.0,CNRFC:VNSC0:WY_INDEX,CNRFC,VNSC0,water_year_index,fnf_index_watershed,index,San Joaquin Valley - Water Supply Index,https://www.cnrfc.noaa.gov/ensembleProduct.php?id=VNSC0&prodID=9,TRUE,Water Year Trend Plot (WSI),170
1.0.0,CNRFC:MLIC0:WY_INDEX,CNRFC,MLIC0,water_year_index,fnf_index_watershed,index,Central Valley - Water Supply Index,https://www.cnrfc.noaa.gov/ensembleProduct.php?id=MLIC0&prodID=9,TRUE,Water Year Trend Plot (WSI),180
1.0.0,CNRFC:SCSC1:10D_VOLUME_ACCUM,CNRFC,SCSC1,ten_day_streamflow_volume_accumulation,fnf_forecast_watershed,major_basin,Tule,https://www.cnrfc.noaa.gov/ensembleProduct.php?id=SCSC1&prodID=2,TRUE,Tabular 10-Day Streamflow Volume Accumulation,190
1.0.0,CNRFC:TMDC1:10D_VOLUME_ACCUM,CNRFC,TMDC1,ten_day_streamflow_volume_accumulation,fnf_forecast_watershed,major_basin,Kaweah,https://www.cnrfc.noaa.gov/ensembleProduct.php?id=TMDC1&prodID=2,TRUE,Tabular 10-Day Streamflow Volume Accumulation,200
1.0.0,CNRFC:SHDC1:10D_VOLUME_ACCUM,CNRFC,SHDC1,ten_day_streamflow_volume_accumulation,fnf_forecast_watershed,major_basin,Sacramento/McCloud/Pit,https://www.cnrfc.noaa.gov/ensembleProduct.php?id=SHDC1&prodID=2,TRUE,Tabular 10-Day Streamflow Volume Accumulation,210
1.0.0,CNRFC:CEGC1:10D_VOLUME_ACCUM,CNRFC,CEGC1,ten_day_streamflow_volume_accumulation,fnf_forecast_watershed,major_basin,Trinity,https://www.cnrfc.noaa.gov/ensembleProduct.php?id=CEGC1&prodID=2,TRUE,Tabular 10-Day Streamflow Volume Accumulation,220
1.0.0,CNRFC:ORDC1:10D_VOLUME_ACCUM,CNRFC,ORDC1,ten_day_streamflow_volume_accumulation,fnf_forecast_watershed,major_basin,Feather,https://www.cnrfc.noaa.gov/ensembleProduct.php?id=ORDC1&prodID=2,TRUE,Tabular 10-Day Streamflow Volume Accumulation,230
1.0.0,CNRFC:HLEC1:10D_VOLUME_ACCUM,CNRFC,HLEC1,ten_day_streamflow_volume_accumulation,fnf_forecast_watershed,major_basin,Yuba,https://www.cnrfc.noaa.gov/ensembleProduct.php?id=HLEC1&prodID=2,TRUE,Tabular 10-Day Streamflow Volume Accumulation,240
1.0.0,CNRFC:FOLC1:10D_VOLUME_ACCUM,CNRFC,FOLC1,ten_day_streamflow_volume_accumulation,fnf_forecast_watershed,major_basin,American,https://www.cnrfc.noaa.gov/ensembleProduct.php?id=FOLC1&prodID=2,TRUE,Tabular 10-Day Streamflow Volume Accumulation,250
1.0.0,CNRFC:NDPC1:10D_VOLUME_ACCUM,CNRFC,NDPC1,ten_day_streamflow_volume_accumulation,fnf_forecast_watershed,major_basin,Tuolumne,https://www.cnrfc.noaa.gov/ensembleProduct.php?id=NDPC1&prodID=2,TRUE,Tabular 10-Day Streamflow Volume Accumulation,260
1.0.0,CNRFC:EXQC1:10D_VOLUME_ACCUM,CNRFC,EXQC1,ten_day_streamflow_volume_accumulation,fnf_forecast_watershed,major_basin,Merced,https://www.cnrfc.noaa.gov/ensembleProduct.php?id=EXQC1&prodID=2,TRUE,Tabular 10-Day Streamflow Volume Accumulation,270
1.0.0,CNRFC:FRAC1:10D_VOLUME_ACCUM,CNRFC,FRAC1,ten_day_streamflow_volume_accumulation,fnf_forecast_watershed,major_basin,San Joaquin,https://www.cnrfc.noaa.gov/ensembleProduct.php?id=FRAC1&prodID=2,TRUE,Tabular 10-Day Streamflow Volume Accumulation,280
1.0.0,CNRFC:PFTC1:10D_VOLUME_ACCUM,CNRFC,PFTC1,ten_day_streamflow_volume_accumulation,fnf_forecast_watershed,major_basin,Kings,https://www.cnrfc.noaa.gov/ensembleProduct.php?id=PFTC1&prodID=2,TRUE,Tabular 10-Day Streamflow Volume Accumulation,290
1.0.0,CNRFC:ISAC1:10D_VOLUME_ACCUM,CNRFC,ISAC1,ten_day_streamflow_volume_accumulation,fnf_forecast_watershed,major_basin,Kern,https://www.cnrfc.noaa.gov/ensembleProduct.php?id=ISAC1&prodID=2,TRUE,Tabular 10-Day Streamflow Volume Accumulation,300
1.0.0,CNRFC:MHBC1:10D_VOLUME_ACCUM,CNRFC,MHBC1,ten_day_streamflow_volume_accumulation,fnf_forecast_watershed,major_basin,Cosumnes,https://www.cnrfc.noaa.gov/ensembleProduct.php?id=MHBC1&prodID=2,TRUE,Tabular 10-Day Streamflow Volume Accumulation,310
1.0.0,CNRFC:CMPC1:10D_VOLUME_ACCUM,CNRFC,CMPC1,ten_day_streamflow_volume_accumulation,fnf_forecast_watershed,major_basin,Mokelumne,https://www.cnrfc.noaa.gov/ensembleProduct.php?id=CMPC1&prodID=2,TRUE,Tabular 10-Day Streamflow Volume Accumulation,320
1.0.0,CNRFC:NMSC1:10D_VOLUME_ACCUM,CNRFC,NMSC1,ten_day_streamflow_volume_accumulation,fnf_forecast_watershed,major_basin,Stanislaus,https://www.cnrfc.noaa.gov/ensembleProduct.php?id=NMSC1&prodID=2,TRUE,Tabular 10-Day Streamflow Volume Accumulation,330
1.0.0,CNRFC:SCSC1:APR_JUL_VOLUME,CNRFC,SCSC1,april_july_streamflow_volume_forecast,fnf_forecast_watershed,major_basin,Tule,https://www.cnrfc.noaa.gov/ensembleProduct.php?id=SCSC1&prodID=7,TRUE,Seasonal Trend Plot (Apr-Jul),340
1.0.0,CNRFC:TMDC1:APR_JUL_VOLUME,CNRFC,TMDC1,april_july_streamflow_volume_forecast,fnf_forecast_watershed,major_basin,Kaweah,https://www.cnrfc.noaa.gov/ensembleProduct.php?id=TMDC1&prodID=7,TRUE,Seasonal Trend Plot (Apr-Jul),350
1.0.0,CNRFC:SHDC1:APR_JUL_VOLUME,CNRFC,SHDC1,april_july_streamflow_volume_forecast,fnf_forecast_watershed,major_basin,Sacramento/McCloud/Pit,https://www.cnrfc.noaa.gov/ensembleProduct.php?id=SHDC1&prodID=7,TRUE,Seasonal Trend Plot (Apr-Jul),360
1.0.0,CNRFC:CEGC1:APR_JUL_VOLUME,CNRFC,CEGC1,april_july_streamflow_volume_forecast,fnf_forecast_watershed,major_basin,Trinity,https://www.cnrfc.noaa.gov/ensembleProduct.php?id=CEGC1&prodID=7,TRUE,Seasonal Trend Plot (Apr-Jul),370
1.0.0,CNRFC:ORDC1:APR_JUL_VOLUME,CNRFC,ORDC1,april_july_streamflow_volume_forecast,fnf_forecast_watershed,major_basin,Feather,https://www.cnrfc.noaa.gov/ensembleProduct.php?id=ORDC1&prodID=7,TRUE,Seasonal Trend Plot (Apr-Jul),380
1.0.0,CNRFC:HLEC1:APR_JUL_VOLUME,CNRFC,HLEC1,april_july_streamflow_volume_forecast,fnf_forecast_watershed,major_basin,Yuba,https://www.cnrfc.noaa.gov/ensembleProduct.php?id=HLEC1&prodID=7,TRUE,Seasonal Trend Plot (Apr-Jul),390
1.0.0,CNRFC:FOLC1:APR_JUL_VOLUME,CNRFC,FOLC1,april_july_streamflow_volume_forecast,fnf_forecast_watershed,major_basin,American,https://www.cnrfc.noaa.gov/ensembleProduct.php?id=FOLC1&prodID=7,TRUE,Seasonal Trend Plot (Apr-Jul),400
1.0.0,CNRFC:NDPC1:APR_JUL_VOLUME,CNRFC,NDPC1,april_july_streamflow_volume_forecast,fnf_forecast_watershed,major_basin,Tuolumne,https://www.cnrfc.noaa.gov/ensembleProduct.php?id=NDPC1&prodID=7,TRUE,Seasonal Trend Plot (Apr-Jul),410
1.0.0,CNRFC:EXQC1:APR_JUL_VOLUME,CNRFC,EXQC1,april_july_streamflow_volume_forecast,fnf_forecast_watershed,major_basin,Merced,https://www.cnrfc.noaa.gov/ensembleProduct.php?id=EXQC1&prodID=7,TRUE,Seasonal Trend Plot (Apr-Jul),420
1.0.0,CNRFC:FRAC1:APR_JUL_VOLUME,CNRFC,FRAC1,april_july_streamflow_volume_forecast,fnf_forecast_watershed,major_basin,San Joaquin,https://www.cnrfc.noaa.gov/ensembleProduct.php?id=FRAC1&prodID=7,TRUE,Seasonal Trend Plot (Apr-Jul),430
1.0.0,CNRFC:PFTC1:APR_JUL_VOLUME,CNRFC,PFTC1,april_july_streamflow_volume_forecast,fnf_forecast_watershed,major_basin,Kings,https://www.cnrfc.noaa.gov/ensembleProduct.php?id=PFTC1&prodID=7,TRUE,Seasonal Trend Plot (Apr-Jul),440
1.0.0,CNRFC:ISAC1:APR_JUL_VOLUME,CNRFC,ISAC1,april_july_streamflow_volume_forecast,fnf_forecast_watershed,major_basin,Kern,https://www.cnrfc.noaa.gov/ensembleProduct.php?id=ISAC1&prodID=7,TRUE,Seasonal Trend Plot (Apr-Jul),450
1.0.0,CNRFC:MHBC1:APR_JUL_VOLUME,CNRFC,MHBC1,april_july_streamflow_volume_forecast,fnf_forecast_watershed,major_basin,Cosumnes,https://www.cnrfc.noaa.gov/ensembleProduct.php?id=MHBC1&prodID=7,TRUE,Seasonal Trend Plot (Apr-Jul),460
1.0.0,CNRFC:CMPC1:APR_JUL_VOLUME,CNRFC,CMPC1,april_july_streamflow_volume_forecast,fnf_forecast_watershed,major_basin,Mokelumne,https://www.cnrfc.noaa.gov/ensembleProduct.php?id=CMPC1&prodID=7,TRUE,Seasonal Trend Plot (Apr-Jul),470
1.0.0,CNRFC:NMSC1:APR_JUL_VOLUME,CNRFC,NMSC1,april_july_streamflow_volume_forecast,fnf_forecast_watershed,major_basin,Stanislaus,https://www.cnrfc.noaa.gov/ensembleProduct.php?id=NMSC1&prodID=7,TRUE,Seasonal Trend Plot (Apr-Jul),480
1.0.0,CNRFC:SACC0:APR_JUL_VOLUME,CNRFC,SACC0,april_july_streamflow_volume_forecast,fnf_index_watershed,index,Sacramento Valley - Water Supply Index,https://www.cnrfc.noaa.gov/ensembleProduct.php?id=SACC0&prodID=7,TRUE,Seasonal Trend Plot (Apr-Jul),490
1.0.0,CNRFC:VNSC0:APR_JUL_VOLUME,CNRFC,VNSC0,april_july_streamflow_volume_forecast,fnf_index_watershed,index,San Joaquin Valley - Water Supply Index,https://www.cnrfc.noaa.gov/ensembleProduct.php?id=VNSC0&prodID=7,TRUE,Seasonal Trend Plot (Apr-Jul),500
1.0.0,CNRFC:MLIC0:APR_JUL_VOLUME,CNRFC,MLIC0,april_july_streamflow_volume_forecast,fnf_index_watershed,index,Central Valley - Water Supply Index,https://www.cnrfc.noaa.gov/ensembleProduct.php?id=MLIC0&prodID=7,TRUE,Seasonal Trend Plot (Apr-Jul),510
