river_km,lon,lat,label,source_file,source_km_field
0,-122.47784465640474,37.819338104404395,X2 0 km,01_raw_data/misc_reference/x2_km.shp,RKI
1,-122.46694243622395,37.82190586901847,X2 1 km,01_raw_data/misc_reference/x2_km.shp,RKI
2,-122.45603946933774,37.82447264211024,X2 2 km,01_raw_data/misc_reference/x2_km.shp,RKI
3,-122.44513575595779,37.82703842358331,X2 3 km,01_raw_data/misc_reference/x2_km.shp,RKI
4,-122.43423129629598,37.82960321334106,X2 4 km,01_raw_data/misc_reference/x2_km.shp,RKI
5,-122.42332609056412,37.832167011287,X2 5 km,01_raw_data/misc_reference/x2_km.shp,RKI
6,-122.41242013897431,37.834729817324735,X2 6 km,01_raw_data/misc_reference/x2_km.shp,RKI
7,-122.4102015198338,37.84246732566587,X2 7 km,01_raw_data/misc_reference/x2_km.shp,RKI
8,-122.41009400518507,37.851462428539364,X2 8 km,01_raw_data/misc_reference/x2_km.shp,RKI
9,-122.40998646474989,37.86045753071978,X2 9 km,01_raw_data/misc_reference/x2_km.shp,RKI
10,-122.41564866121199,37.86812138943374,X2 10 km,01_raw_data/misc_reference/x2_km.shp,RKI
11,-122.42186423801493,37.87565753563464,X2 11 km,01_raw_data/misc_reference/x2_km.shp,RKI
12,-122.42808106541135,37.88319335976034,X2 12 km,01_raw_data/misc_reference/x2_km.shp,RKI
13,-122.43429914372521,37.89072886184578,X2 13 km,01_raw_data/misc_reference/x2_km.shp,RKI
14,-122.44051847328066,37.89826404192589,X2 14 km,01_raw_data/misc_reference/x2_km.shp,RKI
15,-122.44328540017908,37.906979071348104,X2 15 km,01_raw_data/misc_reference/x2_km.shp,RKI
16,-122.44465527211432,37.915883239051865,X2 16 km,01_raw_data/misc_reference/x2_km.shp,RKI
17,-122.44547637532936,37.92485534273839,X2 17 km,01_raw_data/misc_reference/x2_km.shp,RKI
18,-122.44629767539372,37.93382744203569,X2 18 km,01_raw_data/misc_reference/x2_km.shp,RKI
19,-122.44727226781382,37.94278894913582,X2 19 km,01_raw_data/misc_reference/x2_km.shp,RKI
20,-122.44843921813461,37.951737162465484,X2 20 km,01_raw_data/misc_reference/x2_km.shp,RKI
21,-122.44960644756112,37.96068536634027,X2 21 km,01_raw_data/misc_reference/x2_km.shp,RKI
22,-122.44812077113372,37.969165692722235,X2 22 km,01_raw_data/misc_reference/x2_km.shp,RKI
23,-122.44223769167722,37.97687050357196,X2 23 km,01_raw_data/misc_reference/x2_km.shp,RKI
24,-122.43635340041611,37.98457502816508,X2 24 km,01_raw_data/misc_reference/x2_km.shp,RKI
25,-122.43046789702123,37.992279266554156,X2 25 km,01_raw_data/misc_reference/x2_km.shp,RKI
26,-122.42458118116339,37.99998321879177,X2 26 km,01_raw_data/misc_reference/x2_km.shp,RKI
27,-122.41869325251326,38.007686884930386,X2 27 km,01_raw_data/misc_reference/x2_km.shp,RKI
28,-122.41056170378975,38.013850987957696,X2 28 km,01_raw_data/misc_reference/x2_km.shp,RKI
29,-122.40170093526109,38.01951482921875,X2 29 km,01_raw_data/misc_reference/x2_km.shp,RKI
30,-122.39283882436104,38.0251780187048,X2 30 km,01_raw_data/misc_reference/x2_km.shp,RKI
31,-122.38397537093941,38.03084055632314,X2 31 km,01_raw_data/misc_reference/x2_km.shp,RKI
32,-122.3750046190004,38.03636747807011,X2 32 km,01_raw_data/misc_reference/x2_km.shp,RKI
33,-122.36462406774871,38.04009935206106,X2 33 km,01_raw_data/misc_reference/x2_km.shp,RKI
34,-122.35424248010554,38.043830330546214,X2 34 km,01_raw_data/misc_reference/x2_km.shp,RKI
35,-122.34385985616466,38.04756041340703,X2 35 km,01_raw_data/misc_reference/x2_km.shp,RKI
36,-122.33347619601993,38.05128960052489,X2 36 km,01_raw_data/misc_reference/x2_km.shp,RKI
37,-122.32231542906891,38.052968157860825,X2 37 km,01_raw_data/misc_reference/x2_km.shp,RKI
38,-122.31103732824218,38.05433696883507,X2 38 km,01_raw_data/misc_reference/x2_km.shp,RKI
39,-122.29975881443663,38.05570472227043,X2 39 km,01_raw_data/misc_reference/x2_km.shp,RKI
40,-122.28847988794888,38.057071418109444,X2 40 km,01_raw_data/misc_reference/x2_km.shp,RKI
41,-122.27720054907552,38.05843705629459,X2 41 km,01_raw_data/misc_reference/x2_km.shp,RKI
42,-122.2658622645391,38.05940717595513,X2 42 km,01_raw_data/misc_reference/x2_km.shp,RKI
43,-122.25448739426075,38.060131403716206,X2 43 km,01_raw_data/misc_reference/x2_km.shp,RKI
44,-122.24311230365475,38.060854555735624,X2 44 km,01_raw_data/misc_reference/x2_km.shp,RKI
45,-122.231721256736,38.06082568499078,X2 45 km,01_raw_data/misc_reference/x2_km.shp,RKI
46,-122.22032198934606,38.06040013800571,X2 46 km,01_raw_data/misc_reference/x2_km.shp,RKI
47,-122.20899738824457,38.059539614781656,X2 47 km,01_raw_data/misc_reference/x2_km.shp,RKI
48,-122.19786505499677,38.05756126871306,X2 48 km,01_raw_data/misc_reference/x2_km.shp,RKI
49,-122.18690618428748,38.05532262009505,X2 49 km,01_raw_data/misc_reference/x2_km.shp,RKI
50,-122.17852587876523,38.04921739173213,X2 50 km,01_raw_data/misc_reference/x2_km.shp,RKI
51,-122.17068370130029,38.04270026617193,X2 51 km,01_raw_data/misc_reference/x2_km.shp,RKI
52,-122.16224592279154,38.03672185243125,X2 52 km,01_raw_data/misc_reference/x2_km.shp,RKI
53,-122.15301527588319,38.03152179121186,X2 53 km,01_raw_data/misc_reference/x2_km.shp,RKI
54,-122.1417837862595,38.03200909275143,X2 54 km,01_raw_data/misc_reference/x2_km.shp,RKI
55,-122.13149534236373,38.03589534248412,X2 55 km,01_raw_data/misc_reference/x2_km.shp,RKI
56,-122.12120582883244,38.03978071253279,X2 56 km,01_raw_data/misc_reference/x2_km.shp,RKI
57,-122.11091524574132,38.04366520277793,X2 57 km,01_raw_data/misc_reference/x2_km.shp,RKI
58,-122.10062359316605,38.04754881309988,X2 58 km,01_raw_data/misc_reference/x2_km.shp,RKI
59,-122.0903308711825,38.05143154337906,X2 59 km,01_raw_data/misc_reference/x2_km.shp,RKI
60,-122.07995190603995,38.055165284483905,X2 60 km,01_raw_data/misc_reference/x2_km.shp,RKI
61,-122.06946385392645,38.05871019583027,X2 61 km,01_raw_data/misc_reference/x2_km.shp,RKI
62,-122.05891104037754,38.06210193467693,X2 62 km,01_raw_data/misc_reference/x2_km.shp,RKI
63,-122.04776764682232,38.063981483491204,X2 63 km,01_raw_data/misc_reference/x2_km.shp,RKI
64,-122.03638888412432,38.064673795320324,X2 64 km,01_raw_data/misc_reference/x2_km.shp,RKI
65,-122.02503481646663,38.06386301596694,X2 65 km,01_raw_data/misc_reference/x2_km.shp,RKI
66,-122.01368289533146,38.06293761571195,X2 66 km,01_raw_data/misc_reference/x2_km.shp,RKI
67,-122.00254052650081,38.06118968379159,X2 67 km,01_raw_data/misc_reference/x2_km.shp,RKI
68,-121.9915861441629,38.058695528460575,X2 68 km,01_raw_data/misc_reference/x2_km.shp,RKI
69,-121.98028201172761,38.05747804771928,X2 69 km,01_raw_data/misc_reference/x2_km.shp,RKI
70,-121.96887046640187,38.0574956930276,X2 70 km,01_raw_data/misc_reference/x2_km.shp,RKI
71,-121.95756446527622,38.05691332049322,X2 71 km,01_raw_data/misc_reference/x2_km.shp,RKI
72,-121.94659101170556,38.05444543229547,X2 72 km,01_raw_data/misc_reference/x2_km.shp,RKI
73,-121.93586662554968,38.05144705595034,X2 73 km,01_raw_data/misc_reference/x2_km.shp,RKI
74,-121.92528496310312,38.04821169650728,X2 74 km,01_raw_data/misc_reference/x2_km.shp,RKI
75,-121.91408786591545,38.04648198391978,X2 75 km,01_raw_data/misc_reference/x2_km.shp,RKI
76,-121.90289336321659,38.04488878075064,X2 76 km,01_raw_data/misc_reference/x2_km.shp,RKI
77,-121.89175215927261,38.046829113731015,X2 77 km,01_raw_data/misc_reference/x2_km.shp,RKI
78,-121.88130344155705,38.050263577627554,X2 78 km,01_raw_data/misc_reference/x2_km.shp,RKI
79,-121.87120030814927,38.05444493965664,X2 79 km,01_raw_data/misc_reference/x2_km.shp,RKI
80,-121.86270270257889,38.06042254197355,X2 80 km,01_raw_data/misc_reference/x2_km.shp,RKI
81,-121.85346430518993,38.06543209442748,X2 81 km,01_raw_data/misc_reference/x2_km.shp,RKI
82,-121.84235625945121,38.06724519463726,X2 82 km,01_raw_data/misc_reference/x2_km.shp,RKI
83,-121.8312556735349,38.066801537452584,X2 83 km,01_raw_data/misc_reference/x2_km.shp,RKI
84,-121.82053650905637,38.063713388334946,X2 84 km,01_raw_data/misc_reference/x2_km.shp,RKI
85,-121.809818230581,38.06062428458093,X2 85 km,01_raw_data/misc_reference/x2_km.shp,RKI
86,-121.79904310937005,38.06041765771843,X2 86 km,01_raw_data/misc_reference/x2_km.shp,RKI
87,-121.78822046669957,38.063261475686545,X2 87 km,01_raw_data/misc_reference/x2_km.shp,RKI
88,-121.77871589883301,38.068241224930446,X2 88 km,01_raw_data/misc_reference/x2_km.shp,RKI
89,-121.76921006418381,38.07322022457814,X2 89 km,01_raw_data/misc_reference/x2_km.shp,RKI
90,-121.75968959056758,38.07818256007393,X2 90 km,01_raw_data/misc_reference/x2_km.shp,RKI
91,-121.75016207196887,38.08313726325829,X2 91 km,01_raw_data/misc_reference/x2_km.shp,RKI
92,-121.74129832509885,38.088776517518184,X2 92 km,01_raw_data/misc_reference/x2_km.shp,RKI
93,-121.73273333433013,38.0947243926868,X2 93 km,01_raw_data/misc_reference/x2_km.shp,RKI
94,-121.72416697955013,38.10067166054364,X2 94 km,01_raw_data/misc_reference/x2_km.shp,RKI
95,-121.71571699967718,38.10672021243871,X2 95 km,01_raw_data/misc_reference/x2_km.shp,RKI
96,-121.70739818339644,38.11288287788427,X2 96 km,01_raw_data/misc_reference/x2_km.shp,RKI
97,-121.70091062944945,38.120085676295375,X2 97 km,01_raw_data/misc_reference/x2_km.shp,RKI
98,-121.6961165080829,38.128250491322305,X2 98 km,01_raw_data/misc_reference/x2_km.shp,RKI
99,-121.69151530247751,38.13647316924456,X2 99 km,01_raw_data/misc_reference/x2_km.shp,RKI
100,-121.68821376724128,38.145084942400246,X2 100 km,01_raw_data/misc_reference/x2_km.shp,RKI
101,-121.68491147018716,38.153696631231924,X2 101 km,01_raw_data/misc_reference/x2_km.shp,RKI
102,-121.68093015516041,38.162016477931154,X2 102 km,01_raw_data/misc_reference/x2_km.shp,RKI
103,-121.67350690929365,38.16885592531032,X2 103 km,01_raw_data/misc_reference/x2_km.shp,RKI
104,-121.66604279310023,38.175638375753756,X2 104 km,01_raw_data/misc_reference/x2_km.shp,RKI
105,-121.65505808907045,38.174748245182045,X2 105 km,01_raw_data/misc_reference/x2_km.shp,RKI
106,-121.64396903482418,38.172693254002866,X2 106 km,01_raw_data/misc_reference/x2_km.shp,RKI
107,-121.63324296383027,38.17076083317788,X2 107 km,01_raw_data/misc_reference/x2_km.shp,RKI
108,-121.62393778305211,38.1657280202025,X2 108 km,01_raw_data/misc_reference/x2_km.shp,RKI
109,-121.61302936309707,38.16350413733382,X2 109 km,01_raw_data/misc_reference/x2_km.shp,RKI
110,-121.60219253250402,38.165627494786186,X2 110 km,01_raw_data/misc_reference/x2_km.shp,RKI
111,-121.59399163095617,38.17163899683093,X2 111 km,01_raw_data/misc_reference/x2_km.shp,RKI
112,-121.58851922876299,38.17953238633471,X2 112 km,01_raw_data/misc_reference/x2_km.shp,RKI
113,-121.58172214039962,38.18672592689677,X2 113 km,01_raw_data/misc_reference/x2_km.shp,RKI
114,-121.57185964829988,38.191080871213416,X2 114 km,01_raw_data/misc_reference/x2_km.shp,RKI
115,-121.56176732352885,38.19519401859226,X2 115 km,01_raw_data/misc_reference/x2_km.shp,RKI
116,-121.55763210585567,38.203161238043535,X2 116 km,01_raw_data/misc_reference/x2_km.shp,RKI
117,-121.55773990126646,38.212154548837184,X2 117 km,01_raw_data/misc_reference/x2_km.shp,RKI
118,-121.55691127281918,38.22111362082753,X2 118 km,01_raw_data/misc_reference/x2_km.shp,RKI
119,-121.55639489857235,38.229979811190134,X2 119 km,01_raw_data/misc_reference/x2_km.shp,RKI
120,-121.55751998205281,38.23853315566822,X2 120 km,01_raw_data/misc_reference/x2_km.shp,RKI
121,-121.54831481487358,38.241688927956446,X2 121 km,01_raw_data/misc_reference/x2_km.shp,RKI
122,-121.53729962092883,38.239264251834506,X2 122 km,01_raw_data/misc_reference/x2_km.shp,RKI
123,-121.52614762926655,38.23853820232059,X2 123 km,01_raw_data/misc_reference/x2_km.shp,RKI
124,-121.51573343213504,38.241157871345365,X2 124 km,01_raw_data/misc_reference/x2_km.shp,RKI
125,-121.51086325721118,38.2489584320588,X2 125 km,01_raw_data/misc_reference/x2_km.shp,RKI
126,-121.51598820268575,38.25664451007965,X2 126 km,01_raw_data/misc_reference/x2_km.shp,RKI
127,-121.52419663759066,38.26288863086194,X2 127 km,01_raw_data/misc_reference/x2_km.shp,RKI
128,-121.53261913689465,38.26897848469926,X2 128 km,01_raw_data/misc_reference/x2_km.shp,RKI
129,-121.54099032231227,38.27510869568156,X2 129 km,01_raw_data/misc_reference/x2_km.shp,RKI
130,-121.54868976484649,38.28175952688596,X2 130 km,01_raw_data/misc_reference/x2_km.shp,RKI
131,-121.55736871505232,38.2876085571726,X2 131 km,01_raw_data/misc_reference/x2_km.shp,RKI
132,-121.56457775441876,38.29459638856938,X2 132 km,01_raw_data/misc_reference/x2_km.shp,RKI
133,-121.57085224435352,38.30206640627354,X2 133 km,01_raw_data/misc_reference/x2_km.shp,RKI
134,-121.57614193603969,38.310044587179746,X2 134 km,01_raw_data/misc_reference/x2_km.shp,RKI
135,-121.57758385333408,38.31887611528712,X2 135 km,01_raw_data/misc_reference/x2_km.shp,RKI
136,-121.57554288265408,38.327558533196836,X2 136 km,01_raw_data/misc_reference/x2_km.shp,RKI
137,-121.5683570821101,38.334559615538666,X2 137 km,01_raw_data/misc_reference/x2_km.shp,RKI
138,-121.56078796809297,38.34130598540314,X2 138 km,01_raw_data/misc_reference/x2_km.shp,RKI
139,-121.55108528388352,38.34533125897723,X2 139 km,01_raw_data/misc_reference/x2_km.shp,RKI
140,-121.53989963838448,38.34727350064919,X2 140 km,01_raw_data/misc_reference/x2_km.shp,RKI
141,-121.53128838846666,38.35295134617481,X2 141 km,01_raw_data/misc_reference/x2_km.shp,RKI
142,-121.52445262675079,38.36016128312116,X2 142 km,01_raw_data/misc_reference/x2_km.shp,RKI
143,-121.52146490862316,38.368208188339366,X2 143 km,01_raw_data/misc_reference/x2_km.shp,RKI
144,-121.52356341180803,38.377044249652684,X2 144 km,01_raw_data/misc_reference/x2_km.shp,RKI
145,-121.5181698552555,38.38412593941685,X2 145 km,01_raw_data/misc_reference/x2_km.shp,RKI
146,-121.51391589768537,38.39163304275085,X2 146 km,01_raw_data/misc_reference/x2_km.shp,RKI
147,-121.5138807490509,38.40059249939144,X2 147 km,01_raw_data/misc_reference/x2_km.shp,RKI
148,-121.5177474188276,38.40888621787559,X2 148 km,01_raw_data/misc_reference/x2_km.shp,RKI
149,-121.52295875114409,38.416899297208715,X2 149 km,01_raw_data/misc_reference/x2_km.shp,RKI
150,-121.52911622604152,38.42446866641931,X2 150 km,01_raw_data/misc_reference/x2_km.shp,RKI
151,-121.53249448005207,38.432682259025455,X2 151 km,01_raw_data/misc_reference/x2_km.shp,RKI
152,-121.52254654044337,38.434765781582776,X2 152 km,01_raw_data/misc_reference/x2_km.shp,RKI
153,-121.51133781713139,38.43584021080287,X2 153 km,01_raw_data/misc_reference/x2_km.shp,RKI
154,-121.50297992550472,38.441348112881464,X2 154 km,01_raw_data/misc_reference/x2_km.shp,RKI
155,-121.50095913177844,38.450024981322926,X2 155 km,01_raw_data/misc_reference/x2_km.shp,RKI
156,-121.50282870233565,38.45890070193753,X2 156 km,01_raw_data/misc_reference/x2_km.shp,RKI
157,-121.50486779161068,38.467752949225854,X2 157 km,01_raw_data/misc_reference/x2_km.shp,RKI
158,-121.51230905014401,38.473536424914535,X2 158 km,01_raw_data/misc_reference/x2_km.shp,RKI
159,-121.52373223058886,38.47411362113371,X2 159 km,01_raw_data/misc_reference/x2_km.shp,RKI
160,-121.53517240730113,38.47341237761243,X2 160 km,01_raw_data/misc_reference/x2_km.shp,RKI
161,-121.54481711271248,38.47785913141537,X2 161 km,01_raw_data/misc_reference/x2_km.shp,RKI
162,-121.55084748064503,38.48551319790629,X2 162 km,01_raw_data/misc_reference/x2_km.shp,RKI
163,-121.55630109241275,38.49340820580542,X2 163 km,01_raw_data/misc_reference/x2_km.shp,RKI
164,-121.55852146818935,38.50180545707395,X2 164 km,01_raw_data/misc_reference/x2_km.shp,RKI
165,-121.55509818291404,38.510328119909374,X2 165 km,01_raw_data/misc_reference/x2_km.shp,RKI
166,-121.54664114399823,38.51508997655414,X2 166 km,01_raw_data/misc_reference/x2_km.shp,RKI
167,-121.53537257870148,38.516790522529554,X2 167 km,01_raw_data/misc_reference/x2_km.shp,RKI
168,-121.52524838546341,38.51981267165345,X2 168 km,01_raw_data/misc_reference/x2_km.shp,RKI
169,-121.52991785353318,38.52689641346636,X2 169 km,01_raw_data/misc_reference/x2_km.shp,RKI
170,-121.52485085770068,38.53293895990784,X2 170 km,01_raw_data/misc_reference/x2_km.shp,RKI
171,-121.51545167139379,38.53804798185547,X2 171 km,01_raw_data/misc_reference/x2_km.shp,RKI
172,-121.51052170886882,38.54572715890849,X2 172 km,01_raw_data/misc_reference/x2_km.shp,RKI
173,-121.5137878731336,38.55435061193708,X2 173 km,01_raw_data/misc_reference/x2_km.shp,RKI
174,-121.51916235433147,38.56212048307653,X2 174 km,01_raw_data/misc_reference/x2_km.shp,RKI
175,-121.51779640412668,38.569909303083165,X2 175 km,01_raw_data/misc_reference/x2_km.shp,RKI
176,-121.5100935793404,38.57650464498758,X2 176 km,01_raw_data/misc_reference/x2_km.shp,RKI
177,-121.50692470969673,38.58513586624566,X2 177 km,01_raw_data/misc_reference/x2_km.shp,RKI
